{"Confirmed":{"old_value":["0","0","Confirmed","Confirmed","Confirmed","Confirmed","Confirmed","Confirmed","Confirmed","Confirmed","0","Confirmed"],"new_value":["Confirmed","Expired","Fix Committed","Fix Released","In Progress","Incomplete","Invalid","New","Opinion","Triaged","Unknown","Wont Fix"],"issue":[0,0,1585,1091,9151,655,1216,150,85,1056,0,394],"f":[0,0,0.10303581876097,0.07092244685692,0.594877462133524,0.0425794708444387,0.0790483000715075,0.00975102385750504,0.00552558018591952,0.0686472079568355,0,0.0256126893323799]},"Expired":{"old_value":["Expired","0","0","Expired","Expired","Expired","Expired","Expired","Expired","0","0","0"],"new_value":["Confirmed","Expired","Fix Committed","Fix Released","In Progress","Incomplete","Invalid","New","Opinion","Triaged","Unknown","Wont Fix"],"issue":[15,0,0,1,3,4,1,14,1,0,0,0],"f":[0.384615384615385,0,0,0.0256410256410256,0.0769230769230769,0.102564102564103,0.0256410256410256,0.358974358974359,0.0256410256410256,0,0,0]},"Fix Committed":{"old_value":["Fix Committed","0","0","Fix Committed","Fix Committed","Fix Committed","Fix Committed","Fix Committed","Fix Committed","Fix Committed","0","Fix Committed"],"new_value":["Confirmed","Expired","Fix Committed","Fix Released","In Progress","Incomplete","Invalid","New","Opinion","Triaged","Unknown","Wont Fix"],"issue":[285,0,0,29438,1003,43,81,109,5,144,0,29],"f":[0.00915309760092494,0,0,0.945434691845714,0.0322124803288692,0.00138099367312201,0.00260140668657867,0.00350065838070463,0.00016058065966535,0.00462472299836208,0,0.000931367826059029]},"Fix Released":{"old_value":["Fix Released","0","Fix Released","0","Fix Released","Fix Released","Fix Released","Fix Released","Fix Released","Fix Released","0","Fix Released"],"new_value":["Confirmed","Expired","Fix Committed","Fix Released","In Progress","Incomplete","Invalid","New","Opinion","Triaged","Unknown","Wont Fix"],"issue":[110,0,314,0,166,8,70,91,1,74,0,5],"f":[0.131108462455304,0,0.374255065554231,0,0.197854588796186,0.00953516090584029,0.0834326579261025,0.108462455303933,0.00119189511323004,0.0882002383790226,0,0.00595947556615018]},"In Progress":{"old_value":["In Progress","0","In Progress","In Progress","0","In Progress","In Progress","In Progress","In Progress","In Progress","0","In Progress"],"new_value":["Confirmed","Expired","Fix Committed","Fix Released","In Progress","Incomplete","Invalid","New","Opinion","Triaged","Unknown","Wont Fix"],"issue":[888,0,28814,4211,0,433,1329,397,126,563,0,411],"f":[0.0238889486710427,0,0.775153341224578,0.113284192402884,0,0.0116485526740557,0.0357527170988916,0.0106800817819864,0.00338964812224255,0.0151458086731949,0,0.0110567093511245]},"Incomplete":{"old_value":["Incomplete","Incomplete","Incomplete","Incomplete","Incomplete","0","Incomplete","Incomplete","Incomplete","Incomplete","0","Incomplete"],"new_value":["Confirmed","Expired","Fix Committed","Fix Released","In Progress","Incomplete","Invalid","New","Opinion","Triaged","Unknown","Wont Fix"],"issue":[869,596,101,147,419,0,1612,496,77,239,0,252],"f":[0.180740432612313,0.12396006655574,0.0210066555740433,0.0305740432612313,0.0871464226289518,0,0.335274542429285,0.103161397670549,0.0160149750415973,0.0497088186356073,0,0.0524126455906822]},"Invalid":{"old_value":["Invalid","0","Invalid","Invalid","Invalid","Invalid","0","Invalid","Invalid","Invalid","0","Invalid"],"new_value":["Confirmed","Expired","Fix Committed","Fix Released","In Progress","Incomplete","Invalid","New","Opinion","Triaged","Unknown","Wont Fix"],"issue":[318,0,46,41,204,125,0,322,31,90,0,47],"f":[0.259803921568627,0,0.0375816993464052,0.0334967320261438,0.166666666666667,0.102124183006536,0,0.263071895424837,0.0253267973856209,0.0735294117647059,0,0.0383986928104575]},"New":{"old_value":["New","0","New","New","New","New","New","0","New","New","New","New"],"new_value":["Confirmed","Expired","Fix Committed","Fix Released","In Progress","Incomplete","Invalid","New","Opinion","Triaged","Unknown","Wont Fix"],"issue":[14744,0,4086,2272,26065,4593,5111,0,340,7625,1,706],"f":[0.224951558518835,0,0.0623407533985323,0.0346642662069176,0.397677860335963,0.0700761332255161,0.0779793418061425,0,0.00518743420349999,0.116335840593198,1.52571594220588e-05,0.0107715545519735]},"Opinion":{"old_value":["Opinion","0","Opinion","Opinion","Opinion","Opinion","Opinion","Opinion","0","Opinion","0","Opinion"],"new_value":["Confirmed","Expired","Fix Committed","Fix Released","In Progress","Incomplete","Invalid","New","Opinion","Triaged","Unknown","Wont Fix"],"issue":[40,0,4,6,54,19,54,23,0,12,0,24],"f":[0.169491525423729,0,0.0169491525423729,0.0254237288135593,0.228813559322034,0.0805084745762712,0.228813559322034,0.0974576271186441,0,0.0508474576271186,0,0.101694915254237]},"Triaged":{"old_value":["Triaged","0","Triaged","Triaged","Triaged","Triaged","Triaged","Triaged","Triaged","0","0","Triaged"],"new_value":["Confirmed","Expired","Fix Committed","Fix Released","In Progress","Incomplete","Invalid","New","Opinion","Triaged","Unknown","Wont Fix"],"issue":[242,0,764,612,5652,250,591,45,58,0,0,365],"f":[0.028208415899289,0,0.0890546683762676,0.0713369856626647,0.658818044061079,0.0291409255157944,0.0688891479193379,0.00524536659284299,0.0067606947196643,0,0,0.0425457512530598]},"Unknown":{"old_value":["Unknown","0","0","Unknown","0","0","0","Unknown","0","0","0","0"],"new_value":["Confirmed","Expired","Fix Committed","Fix Released","In Progress","Incomplete","Invalid","New","Opinion","Triaged","Unknown","Wont Fix"],"issue":[2,0,0,6,0,0,0,7,0,0,0,0],"f":[0.133333333333333,0,0,0.4,0,0,0,0.466666666666667,0,0,0,0]},"Wont Fix":{"old_value":[0,0,0,0,0,0,0,0,0,0,0,0],"new_value":["Confirmed","Expired","Fix Committed","Fix Released","In Progress","Incomplete","Invalid","New","Opinion","Triaged","Unknown","Wont Fix"],"issue":[0,0,0,0,0,0,0,0,0,0,0,0],"f":[0,0,0,0,0,0,0,0,0,0,0,0]}}