{"abandoned": 89, "merged": 366, "review_time_days_avg": 7.252932758620688, "review_time_days_median": 3.2782999999999998, "submitted": 482}