{"abandoned": 30, "merged": 156, "review_time_days_avg": 2.4317357142857143, "review_time_days_median": 0.58285, "submitted": 192}