{"abandoned": 1216, "merged": 6803, "review_time_days_avg": 11.454841914191407, "review_time_days_median": 4.44355, "submitted": 8353}