{"abandoned": 910, "merged": 3997, "review_time_days_avg": 13.021345930232554, "review_time_days_median": 4.21995, "submitted": 5059}