{"Confirmed":{"old_value":["0","0","Confirmed","Confirmed","Confirmed","Confirmed","Confirmed","Confirmed","Confirmed","Confirmed","0","Confirmed"],"new_value":["Confirmed","Expired","Fix Committed","Fix Released","In Progress","Incomplete","Invalid","New","Opinion","Triaged","Unknown","Wont Fix"],"issue":[0,0,1293,933,7291,401,876,117,42,772,0,242],"f":[0,0,0.108047129606418,0.0779644021057909,0.609258795019637,0.0335088159104203,0.0732013035848584,0.00977688643770368,0.00350965154173978,0.0645107378624551,0,0.0202222779309769]},"Expired":{"old_value":["Expired","0","0","Expired","Expired","Expired","Expired","Expired","Expired","0","0","0"],"new_value":["Confirmed","Expired","Fix Committed","Fix Released","In Progress","Incomplete","Invalid","New","Opinion","Triaged","Unknown","Wont Fix"],"issue":[11,0,0,1,3,2,1,10,1,0,0,0],"f":[0.379310344827586,0,0,0.0344827586206897,0.103448275862069,0.0689655172413793,0.0344827586206897,0.344827586206897,0.0344827586206897,0,0,0]},"Fix Committed":{"old_value":["Fix Committed","0","0","Fix Committed","Fix Committed","Fix Committed","Fix Committed","Fix Committed","Fix Committed","Fix Committed","0","Fix Committed"],"new_value":["Confirmed","Expired","Fix Committed","Fix Released","In Progress","Incomplete","Invalid","New","Opinion","Triaged","Unknown","Wont Fix"],"issue":[153,0,0,24549,868,35,63,85,5,101,0,21],"f":[0.00591190108191654,0,0,0.948570324574961,0.0335394126738794,0.00135239567233385,0.00243431221020093,0.00328438948995363,0.000193199381761978,0.00390262751159196,0,0.000811437403400309]},"Fix Released":{"old_value":["Fix Released","0","Fix Released","0","Fix Released","Fix Released","Fix Released","Fix Released","Fix Released","Fix Released","0","Fix Released"],"new_value":["Confirmed","Expired","Fix Committed","Fix Released","In Progress","Incomplete","Invalid","New","Opinion","Triaged","Unknown","Wont Fix"],"issue":[78,0,260,0,144,8,64,80,1,64,0,1],"f":[0.111428571428571,0,0.371428571428571,0,0.205714285714286,0.0114285714285714,0.0914285714285714,0.114285714285714,0.00142857142857143,0.0914285714285714,0,0.00142857142857143]},"In Progress":{"old_value":["In Progress","0","In Progress","In Progress","0","In Progress","In Progress","In Progress","In Progress","In Progress","0","In Progress"],"new_value":["Confirmed","Expired","Fix Committed","Fix Released","In Progress","Incomplete","Invalid","New","Opinion","Triaged","Unknown","Wont Fix"],"issue":[666,0,23671,3384,0,314,1077,286,60,405,0,288],"f":[0.0220888196079732,0,0.785081755165666,0.112235083413485,0,0.010414248283639,0.0357202082849657,0.00948558920102152,0.00198998374846605,0.0134323903021459,0,0.00955192199263706]},"Incomplete":{"old_value":["Incomplete","Incomplete","Incomplete","Incomplete","Incomplete","0","Incomplete","Incomplete","Incomplete","Incomplete","0","Incomplete"],"new_value":["Confirmed","Expired","Fix Committed","Fix Released","In Progress","Incomplete","Invalid","New","Opinion","Triaged","Unknown","Wont Fix"],"issue":[619,403,79,112,323,0,1132,377,46,189,0,129],"f":[0.181578175418011,0.118216485772954,0.0231739513053681,0.0328542094455852,0.0947491933118216,0,0.332062188325022,0.110589615723086,0.0134936931651511,0.0554414784394251,0,0.0378410090935758]},"Invalid":{"old_value":["Invalid","0","Invalid","Invalid","Invalid","Invalid","0","Invalid","Invalid","Invalid","0","Invalid"],"new_value":["Confirmed","Expired","Fix Committed","Fix Released","In Progress","Incomplete","Invalid","New","Opinion","Triaged","Unknown","Wont Fix"],"issue":[227,0,38,35,163,95,0,261,25,69,0,28],"f":[0.241232731137088,0,0.0403825717321998,0.0371944739638682,0.173219978746015,0.100956429330499,0,0.277364505844846,0.026567481402763,0.0733262486716259,0,0.0297555791710946]},"New":{"old_value":["New","0","New","New","New","New","New","0","New","New","New","New"],"new_value":["Confirmed","Expired","Fix Committed","Fix Released","In Progress","Incomplete","Invalid","New","Opinion","Triaged","Unknown","Wont Fix"],"issue":[11650,0,3320,2083,21856,3375,4070,0,227,6269,1,542],"f":[0.218193396138071,0,0.0621804356376304,0.0390126046485494,0.409342048583148,0.0632105332159646,0.0762272207967336,0,0.00425149364148858,0.117412394883224,1.87290468788043e-05,0.010151143408312]},"Opinion":{"old_value":["Opinion","0","Opinion","Opinion","Opinion","Opinion","Opinion","Opinion","0","Opinion","0","Opinion"],"new_value":["Confirmed","Expired","Fix Committed","Fix Released","In Progress","Incomplete","Invalid","New","Opinion","Triaged","Unknown","Wont Fix"],"issue":[28,0,2,4,40,16,41,19,0,11,0,7],"f":[0.166666666666667,0,0.0119047619047619,0.0238095238095238,0.238095238095238,0.0952380952380952,0.244047619047619,0.113095238095238,0,0.0654761904761905,0,0.0416666666666667]},"Triaged":{"old_value":["Triaged","0","Triaged","Triaged","Triaged","Triaged","Triaged","Triaged","Triaged","0","0","Triaged"],"new_value":["Confirmed","Expired","Fix Committed","Fix Released","In Progress","Incomplete","Invalid","New","Opinion","Triaged","Unknown","Wont Fix"],"issue":[187,0,559,494,4514,175,425,34,27,0,0,274],"f":[0.0279563462400957,0,0.083570040364778,0.073852593810734,0.674839288383914,0.0261623561070414,0.063537150545672,0.00508297204365376,0.0040364777993721,0,0,0.0409627747047391]},"Unknown":{"old_value":["Unknown","0","0","Unknown","0","0","0","Unknown","0","0","0","0"],"new_value":["Confirmed","Expired","Fix Committed","Fix Released","In Progress","Incomplete","Invalid","New","Opinion","Triaged","Unknown","Wont Fix"],"issue":[2,0,0,6,0,0,0,4,0,0,0,0],"f":[0.166666666666667,0,0,0.5,0,0,0,0.333333333333333,0,0,0,0]},"Wont Fix":{"old_value":[0,0,0,0,0,0,0,0,0,0,0,0],"new_value":["Confirmed","Expired","Fix Committed","Fix Released","In Progress","Incomplete","Invalid","New","Opinion","Triaged","Unknown","Wont Fix"],"issue":[0,0,0,0,0,0,0,0,0,0,0,0],"f":[0,0,0,0,0,0,0,0,0,0,0,0]}}