{"abandoned": 54, "merged": 237, "review_time_days_avg": 8.911686666666666, "review_time_days_median": 4.97195, "submitted": 308}