{"abandoned": 1753, "merged": 8387, "review_time_days_avg": 9.548148857142861, "review_time_days_median": 3.04645, "submitted": 10359}