{"abandoned": 422, "merged": 1717, "pending": 71, "review_time_days_avg": 27.811805555555548, "review_time_days_median": 19.455750000000002, "submitted": 2210}