{"abandoned": 3180, "merged": 9787, "pending": 622, "review_time_days_avg": 24.6542208737864, "review_time_days_median": 7.33345, "submitted": 13589}