{"abandoned": 116, "merged": 412, "pending": 21, "review_time_days_avg": 6.887524999999999, "review_time_days_median": 2.2476000000000003, "submitted": 549}