{"abandoned": 269, "merged": 648, "pending": 51, "review_time_days_avg": 23.7358140625, "review_time_days_median": 11.531949999999998, "submitted": 968}