{"abandoned": 235, "merged": 748, "pending": 43, "review_time_days_avg": 12.263623913043475, "review_time_days_median": 6.1206499999999995, "submitted": 1026}