{"abandoned": 473, "merged": 1441, "pending": 128, "review_time_days_avg": 18.713127083333333, "review_time_days_median": 7.3656500000000005, "submitted": 2042}