{"abandoned": 167, "merged": 759, "pending": 100, "review_time_days_avg": 14.885216999999997, "review_time_days_median": 8.56615, "submitted": 1026}