{"abandoned": 46, "merged": 285, "pending": 5, "review_time_days_avg": 2.7499363636363636, "review_time_days_median": 0.47404999999999997, "submitted": 336}