{"abandoned": 384, "merged": 4453, "pending": 25, "review_time_days_avg": 1.8782500000000002, "review_time_days_median": 0.8744000000000001, "submitted": 4862}