{"abandoned": 49, "merged": 268, "pending": 27, "review_time_days_avg": 15.581027777777775, "review_time_days_median": 12.99305, "submitted": 344}