{"abandoned": 349, "merged": 2268, "review_time_days_avg": 5.838637696335075, "review_time_days_median": 1.56425, "submitted": 2658}