{"abandoned": 6, "merged": 17, "review_time_days_avg": 13.184662499999998, "review_time_days_median": 10.981449999999999, "submitted": 26}