{"abandoned": 197, "merged": 976, "review_time_days_avg": 5.862248611111112, "review_time_days_median": 1.7989000000000002, "submitted": 1224}