{"Confirmed":{"old_value":["0","0","Confirmed","Confirmed","Confirmed","Confirmed","Confirmed","Confirmed","Confirmed","Confirmed","0","Confirmed"],"new_value":["Confirmed","Expired","Fix Committed","Fix Released","In Progress","Incomplete","Invalid","New","Opinion","Triaged","Unknown","Wont Fix"],"issue":[0,0,1617,1121,9201,692,1282,161,92,1100,0,462],"f":[0,0,0.102810274669379,0.0712741607324517,0.585007629704985,0.0439979654120041,0.0815106815869786,0.010236520854527,0.00584944048830112,0.0699389623601221,0,0.0293743641912513]},"Expired":{"old_value":["Expired","0","0","Expired","Expired","Expired","Expired","Expired","Expired","0","0","0"],"new_value":["Confirmed","Expired","Fix Committed","Fix Released","In Progress","Incomplete","Invalid","New","Opinion","Triaged","Unknown","Wont Fix"],"issue":[16,0,0,1,3,4,1,16,1,0,0,0],"f":[0.380952380952381,0,0,0.0238095238095238,0.0714285714285714,0.0952380952380952,0.0238095238095238,0.380952380952381,0.0238095238095238,0,0,0]},"Fix Committed":{"old_value":["Fix Committed","0","0","Fix Committed","Fix Committed","Fix Committed","Fix Committed","Fix Committed","Fix Committed","Fix Committed","0","Fix Committed"],"new_value":["Confirmed","Expired","Fix Committed","Fix Released","In Progress","Incomplete","Invalid","New","Opinion","Triaged","Unknown","Wont Fix"],"issue":[300,0,0,28479,959,45,85,104,4,135,0,35],"f":[0.00995156903071718,0,0,0.944702448085982,0.0318118490015259,0.00149273535460758,0.00281961122536987,0.00344987726398195,0.000132687587076229,0.00447820606382273,0,0.001161016386917]},"Fix Released":{"old_value":["Fix Released","0","Fix Released","0","Fix Released","Fix Released","Fix Released","Fix Released","Fix Released","Fix Released","0","Fix Released"],"new_value":["Confirmed","Expired","Fix Committed","Fix Released","In Progress","Incomplete","Invalid","New","Opinion","Triaged","Unknown","Wont Fix"],"issue":[119,0,319,0,161,7,68,90,1,65,0,5],"f":[0.14251497005988,0,0.382035928143713,0,0.192814371257485,0.00838323353293413,0.081437125748503,0.107784431137725,0.00119760479041916,0.0778443113772455,0,0.00598802395209581]},"In Progress":{"old_value":["In Progress","0","In Progress","In Progress","0","In Progress","In Progress","In Progress","In Progress","In Progress","0","In Progress"],"new_value":["Confirmed","Expired","Fix Committed","Fix Released","In Progress","Incomplete","Invalid","New","Opinion","Triaged","Unknown","Wont Fix"],"issue":[939,0,28092,4532,0,439,1337,383,131,533,0,422],"f":[0.0255107585307542,0,0.763203651380135,0.123125407520104,0,0.0119267550532493,0.0363236252988481,0.0104053466637687,0.00355900891110628,0.0144805477070202,0,0.0114648989350141]},"Incomplete":{"old_value":["Incomplete","Incomplete","Incomplete","Incomplete","Incomplete","0","Incomplete","Incomplete","Incomplete","Incomplete","0","Incomplete"],"new_value":["Confirmed","Expired","Fix Committed","Fix Released","In Progress","Incomplete","Invalid","New","Opinion","Triaged","Unknown","Wont Fix"],"issue":[902,722,105,150,419,0,1778,502,83,216,0,286],"f":[0.174704629091613,0.139841177609917,0.0203370133643231,0.0290528762347472,0.0811543676157273,0,0.344373426302537,0.0972302924656208,0.0160759248498935,0.041836141778036,0,0.0553941506875847]},"Invalid":{"old_value":["Invalid","0","Invalid","Invalid","Invalid","Invalid","0","Invalid","Invalid","Invalid","0","Invalid"],"new_value":["Confirmed","Expired","Fix Committed","Fix Released","In Progress","Incomplete","Invalid","New","Opinion","Triaged","Unknown","Wont Fix"],"issue":[312,0,45,42,199,128,0,302,35,94,0,53],"f":[0.257851239669421,0,0.0371900826446281,0.0347107438016529,0.164462809917355,0.105785123966942,0,0.249586776859504,0.0289256198347107,0.0776859504132231,0,0.043801652892562]},"New":{"old_value":["New","0","New","New","New","New","New","0","New","New","New","New"],"new_value":["Confirmed","Expired","Fix Committed","Fix Released","In Progress","Incomplete","Invalid","New","Opinion","Triaged","Unknown","Wont Fix"],"issue":[14841,0,3855,2211,24585,4672,5352,0,366,7371,1,776],"f":[0.231781977198188,0,0.0602061533656099,0.0345306887396533,0.383960643448384,0.0729657972825238,0.0835858191472747,0,0.00571607059191004,0.115117913478057,1.5617679212869e-05,0.0121193190691863]},"Opinion":{"old_value":["Opinion","0","Opinion","Opinion","Opinion","Opinion","Opinion","Opinion","0","Opinion","0","Opinion"],"new_value":["Confirmed","Expired","Fix Committed","Fix Released","In Progress","Incomplete","Invalid","New","Opinion","Triaged","Unknown","Wont Fix"],"issue":[39,0,5,5,52,20,55,24,0,12,0,27],"f":[0.163179916317992,0,0.0209205020920502,0.0209205020920502,0.217573221757322,0.0836820083682008,0.230125523012552,0.100418410041841,0,0.0502092050209205,0,0.112970711297071]},"Triaged":{"old_value":["Triaged","0","Triaged","Triaged","Triaged","Triaged","Triaged","Triaged","Triaged","0","0","Triaged"],"new_value":["Confirmed","Expired","Fix Committed","Fix Released","In Progress","Incomplete","Invalid","New","Opinion","Triaged","Unknown","Wont Fix"],"issue":[247,0,748,685,5652,269,624,52,62,0,0,414],"f":[0.0282188963783846,0,0.085456414943448,0.0782588826687993,0.645721466925625,0.0307323203473095,0.0712898434822347,0.00594082029018622,0.00708328573060665,0,0,0.0472980692334057]},"Unknown":{"old_value":["Unknown","0","0","Unknown","0","0","0","Unknown","0","0","0","0"],"new_value":["Confirmed","Expired","Fix Committed","Fix Released","In Progress","Incomplete","Invalid","New","Opinion","Triaged","Unknown","Wont Fix"],"issue":[2,0,0,6,0,0,0,7,0,0,0,0],"f":[0.133333333333333,0,0,0.4,0,0,0,0.466666666666667,0,0,0,0]},"Wont Fix":{"old_value":[0,0,0,0,0,0,0,0,0,0,0,0],"new_value":["Confirmed","Expired","Fix Committed","Fix Released","In Progress","Incomplete","Invalid","New","Opinion","Triaged","Unknown","Wont Fix"],"issue":[0,0,0,0,0,0,0,0,0,0,0,0],"f":[0,0,0,0,0,0,0,0,0,0,0,0]}}